customer_name,invoice_number,invoice_date,due_date,amount,paid_amount,currency
Acme Corp,INV-001,2026-01-15,2026-03-15,5000,5000,USD
Tech Solutions Ltd,INV-002,2026-02-01,2026-04-01,12000,8000,USD
Global Trading Co,INV-003,2026-01-20,2026-03-20,8500,0,USD
Smith Industries,INV-004,2026-03-01,2026-05-01,3200,3200,USD
Johnson & Partners,INV-005,2026-02-15,2026-04-15,15000,10000,USD
DataFlow Systems,INV-006,2026-01-10,2026-03-10,6700,0,USD
Blue Sky Logistics,INV-007,2026-03-05,2026-05-05,9200,4600,USD
Green Energy Corp,INV-008,2026-02-20,2026-04-20,22000,0,USD
Pacific Imports,INV-009,2026-01-25,2026-03-25,4500,4500,USD
Metro Services Inc,INV-010,2026-03-10,2026-05-10,7800,0,USD
Alpha Construction,INV-011,2026-02-10,2026-04-10,18500,12000,USD
Beta Consulting,INV-012,2026-01-30,2026-03-30,3900,0,USD
Gamma Tech,INV-013,2026-03-15,2026-05-15,11000,5500,USD
Delta Manufacturing,INV-014,2026-02-05,2026-04-05,25000,0,USD
Epsilon Retail,INV-015,2026-01-05,2026-03-05,6100,6100,USD
Zeta Pharmaceuticals,INV-016,2026-03-20,2026-05-20,14300,0,USD
Eta Financial Services,INV-017,2026-02-25,2026-04-25,8900,4450,USD
Theta Media Group,INV-018,2026-01-18,2026-03-18,5600,0,USD
Iota Software,INV-019,2026-03-08,2026-05-08,19800,15000,USD
Kappa Healthcare,INV-020,2026-02-12,2026-04-12,7300,0,USD
Lambda Education,INV-021,2026-01-22,2026-03-22,4200,2100,USD
Mu Agriculture,INV-022,2026-03-12,2026-05-12,16700,0,USD
Nu Tourism,INV-023,2026-02-08,2026-04-08,9500,9500,USD
Xi Automotive,INV-024,2026-01-12,2026-03-12,21000,10500,USD
Omicron Energy,INV-025,2026-03-18,2026-05-18,6800,0,USD
Pi Communications,INV-026,2026-02-28,2026-04-28,13400,0,USD
Rho Chemical,INV-027,2026-01-08,2026-03-08,8200,4100,USD
Sigma Defense,INV-028,2026-03-25,2026-05-25,24500,0,USD
Tau Real Estate,INV-029,2026-02-18,2026-04-18,5900,5900,USD
Upsilon Mining,INV-030,2026-01-28,2026-03-28,17600,0,USD
Phi Biotech,INV-031,2026-03-22,2026-05-22,10200,5100,USD
Chi Aerospace,INV-032,2026-02-22,2026-04-22,28000,0,USD
Psi Robotics,INV-033,2026-01-15,2026-03-15,7500,0,USD
Omega Logistics,INV-034,2026-03-28,2026-05-28,12800,6400,USD
Prime Manufacturing,INV-035,2026-02-15,2026-04-15,9100,0,USD
Apex Solutions,INV-036,2026-01-20,2026-03-20,15600,15600,USD
Nexus Technologies,INV-037,2026-03-05,2026-05-05,6300,0,USD
Vertex Enterprises,INV-038,2026-02-25,2026-04-25,18900,9450,USD
Horizon Holdings,INV-039,2026-01-10,2026-03-10,11500,0,USD
Pinnacle Group,INV-040,2026-03-15,2026-05-15,8700,4350,USD
Summit Partners,INV-041,2026-02-10,2026-04-10,22500,0,USD
Atlas Corporation,INV-042,2026-01-25,2026-03-25,5400,5400,USD
Titan Industries,INV-043,2026-03-20,2026-05-20,16200,0,USD
Phoenix Ventures,INV-044,2026-02-18,2026-04-18,7800,3900,USD
Columbus Trading,INV-045,2026-01-12,2026-03-12,13100,0,USD
Viking Solutions,INV-046,2026-03-25,2026-05-25,9800,9800,USD
Sparta Consulting,INV-047,2026-02-28,2026-04-28,17200,0,USD
Olympus Systems,INV-048,2026-01-18,2026-03-18,6500,3250,USD
Valhalla Group,INV-049,2026-03-10,2026-05-10,20300,0,USD
Asgard Enterprises,INV-050,2026-02-12,2026-04-12,10900,5450,USD
