company_name,website,industry,company_size,country,contact_name,contact_role,public_email,linkedin,source,why_fit,pain_signal,lead_score,group,verified,email_found
Wholesale Hoses,https://www.wholesalehoses.com/,Industrial Supply / Distribution,Unknown,US,Dan (Support),Support/Commercial Team,support@wholesalehoses.com,,LinkedIn/Website,B2B wholesale with Net-30 terms,Net 30 payment terms for commercial buyers,92,A,Verified,✓
Supply Tie,https://www.supplytie.com/,Industrial Supply / Distribution,Unknown,US,Tyler Schmitt,Founder/Owner,tschmitt@supplytie.com,https://linkedin.com/in/tyler-schmitt-0a2827162,LinkedIn,B2B industrial distributor with Purchase Orders + Net-30,B2B采购、PO、账期交易,91,A,Verified,✓
Cutting Tools Outlet,https://www.cuttingtoolsoutlet.com/,Industrial Supply / Distribution,Unknown,US,Info Team,Support,info@cuttingtoolsoutlet.com,,Website,B2B服务wholesalers/distributors/machine shops + Net-30,多类B2B客户 + Net-30,91,A,Pending,✓
EpicRise Electronics,https://epicriseelectronics.com/,B2B Electronics / Hardware,Unknown,US,Info Team,Support,info@epicriseelectronics.com,,Website,B2B electronics distributor + Net-30 for qualified accounts,B2B electronics + Net-30 invoice terms,90,A,Pending,✓
Masterman's LLP,https://www.mastermans.com/,Wholesale / Industrial Supply,~85 employees,US,Linda Masterman,Owner,cs@mastermans.com,LinkedIn,Family-owned industrial supply distributor,Net-30 terms,大量商业客户,95,A,Verified,✓
DemandPDX,http://www.demandpdx.com,IT Services / eCommerce Development,11-50,US,Info Team,Support,info@demandpdx.com,,LinkedIn/Salesforce, Salesforce B2B服务商，明确提供Net-30,B2B服务 + 持续项目/维护 + Net-30,96,B,Pending,✓
Britannia IT,https://britanniait.us/,Managed IT Services,Unknown,US,Info Team,Support,hello@britanniait.co.uk,LinkedIn,B2B IT服务，存在Net-30/月度账单信号,Net-30 payment terms, recurring B2B services,92,B,Pending,✓
Hanvayra,https://hanvayra.com/,IT Staffing,Unknown,US,Info Team,Support,info@hanvayra.com,,Website,B2B IT staffing，存在Net-30,企业客户 + 人力服务 + 账期,91,B,Pending,✓
NAMYNOT,https://namynot.com/,Marketing Agency,2 employees,US,Sales Team,Sales,(855) 922-0490,,Website,AI-powered marketing agency，明确提供Net 30 Trade Account,B2B marketing services + Net-30 payment terms,88,B,Pending,✗
CANK,https://www.cank.co.uk/,Software Development,Unknown,UK,Company Contact,General,info@cank.co.uk,,Companies House,Software development company，公开显示invoices generally 30 days,B2B software projects + Net-30-style invoicing,88,B,Pending,✓